name,group,tag,ok,units,method,note,unit_rows,unit_gas,unit_cg,glue_rows,glue_gas,op_rows,op_gas,op_cg,witness_bytes_per_unit
P256VERIFY,precompile,p2c,True,838,"straight-line Δ(K − K/2 units, equal code length)",valid signature → 1,3784035.4295942723,7019.0,539.113182731767,188.04566666666665,19,3783847.3839276056,7000.0,540.5496262753722,
CALL/cold-big-deep7,state,p3,True,50,"whole-block Δ(2n − n), pruned deep witness",cold CALL into distinct 24KB-code contracts (STOP): reveal + keccak + jump analysis,1220808.06,2617.0,466.4914252961406,317.3697186544343,17,1220490.6902813455,2600.0,469.419496262056,2619.84
EXTCODESIZE/cold-big-deep7,state,p3,True,50,"whole-block Δ(2n − n), pruned deep witness",cold contract with distinct 24KB code: path reveal + code keccak,1212317.16,2605.0,465.38086756238005,134.46238532110092,5,1212182.6976146789,2600.0,466.22411446718417,2619.84
BLS_G2MSM/k1,precompile,p2c,True,262,"straight-line Δ(K − K/2 units, equal code length)","1 points, scalars r−1",9919197.977099236,22619.0,438.5338864273061,188.04566666666665,19,9919009.93143257,22600.0,438.89424475365354,
BLS_G2MSM/k2,precompile,p2c,True,132,"straight-line Δ(K − K/2 units, equal code length)","2 points, scalars r−1",14356005.113636363,45119.0,318.18092408157014,188.04566666666665,19,14355817.067969697,45100.0,318.3107997332527,
BLS_MAP_FP_TO_G1,precompile,p2c,True,1044,"straight-line Δ(K − K/2 units, equal code length)",,1661472.0996168582,5619.0,295.6882184760381,188.04566666666665,19,1661284.0539501915,5600.0,296.6578667768199,
BLS_PAIRING/k1,precompile,p2c,True,84,"straight-line Δ(K − K/2 units, equal code length)",1 pair (result 0),20817817.04761905,70419.0,295.6278425938887,188.04566666666665,19,20817629.001952384,70400.0,295.7049574140964,
BLS_G1MSM/k1,precompile,p2c,True,488,"straight-line Δ(K − K/2 units, equal code length)","1 points, scalars r−1",3448122.1639344264,12119.0,284.5220037902819,188.04566666666665,19,3447934.1182677597,12100.0,284.9532329146909,
POINTEVAL,precompile,p2c,True,119,"straight-line Δ(K − K/2 units, equal code length)","zero polynomial: commitment/proof = G1 infinity, z=y=0",14168886.235294119,50119.0,282.7048870746447,188.04566666666665,19,14168698.189627452,50100.0,282.80834709835233,
BLS_G1ADD,precompile,p2c,True,1498,"straight-line Δ(K − K/2 units, equal code length)",,128630.85981308411,494.0,260.3863558969314,188.04566666666665,19,128442.81414641744,475.0,270.40592451877353,
BLS_PAIRING/k2,precompile,p2c,True,55,"straight-line Δ(K − K/2 units, equal code length)",2 pairs → 1,27442174.363636363,103019.0,266.37973930669455,188.04566666666665,19,27441986.3179697,103000.0,266.42705163077375,
BLS_G2ADD,precompile,p2c,True,1498,"straight-line Δ(K − K/2 units, equal code length)",,181294.07943925232,719.0,252.14753746766667,188.04566666666665,19,181106.03377258565,700.0,258.7229053894081,
BLS_PAIRING/k4,precompile,p2c,True,32,"straight-line Δ(K − K/2 units, equal code length)",,42199771.46875,168219.0,250.86209922036156,188.04566666666665,19,42199583.423083335,168200.0,250.8893188054895,
BLS_PAIRING/k8,precompile,p2c,True,18,"straight-line Δ(K − K/2 units, equal code length)",,74512803.5,298619.0,249.52465683697287,188.04566666666665,19,74512615.45433334,298600.0,249.53990440165217,
BN254ADD,precompile,p2c,True,1499,"straight-line Δ(K − K/2 units, equal code length)",G1 + 7·G1,61407.60240160107,269.0,228.28104982007832,188.04566666666665,19,61219.556734934406,250.0,244.87822693973763,
BLS_G1MSM/k2,precompile,p2c,True,246,"straight-line Δ(K − K/2 units, equal code length)","2 points, scalars r−1",5424651.983739837,22895.0,236.9360988748564,188.04566666666665,19,5424463.93807317,22876.0,237.12466943841451,
BLAKE2F/r1000,precompile,p2c,True,1499,"straight-line Δ(K − K/2 units, equal code length)",1000 rounds (gas = rounds),259781.91727818546,1119.0,232.15542205378503,188.04566666666665,19,259593.87161151879,1100.0,235.99442873774436,
BLS_G2MSM/k8,precompile,p2c,True,33,"straight-line Δ(K − K/2 units, equal code length)","8 points, scalars r−1",31238140.0,143399.0,217.8407101862635,188.04566666666665,19,31237951.954333335,143380.0,217.86826582740505,
BLS_MAP_FP2_TO_G2,precompile,p2c,True,248,"straight-line Δ(K − K/2 units, equal code length)",,5038393.479838709,23919.0,210.64398510969144,188.04566666666665,19,5038205.434172043,23900.0,210.8035746515499,
BLS_G2MSM/k32,precompile,p2c,True,8,"straight-line Δ(K − K/2 units, equal code length)","32 points, scalars r−1",95007416.875,465239.0,204.21206492791876,188.04566666666665,19,95007228.82933334,465220.0,204.22000092286086,
BLS_G1MSM/k128,precompile,p2c,True,4,"straight-line Δ(K − K/2 units, equal code length)","128 points, scalars r−1",150439578.25,797303.0,188.6855790709429,188.04566666666665,19,150439390.20433334,797284.0,188.68983976140663,
BLS_G1MSM/k8,precompile,p2c,True,62,"straight-line Δ(K − K/2 units, equal code length)","8 points, scalars r−1",13102905.467741935,70007.0,187.16564726015878,188.04566666666665,19,13102717.422075268,69988.0,187.21377124757484,
MODEXP/1024-e1-1024,precompile,p2c,True,181,"straight-line Δ(K − K/2 units, equal code length)","B,M 1024B; E=1",6023993.160220995,32887.0,183.1724742366587,188.04566666666665,19,6023805.114554328,32868.0,183.272639483824,
BLS_G1MSM/k32,precompile,p2c,True,15,"straight-line Δ(K − K/2 units, equal code length)","32 points, scalars r−1",42840999.6,240887.0,177.8468726000158,188.04566666666665,19,42840811.55433334,240868.0,177.8601207065004,
SHA256/8192B,precompile,p2c,True,1498,"straight-line Δ(K − K/2 units, equal code length)",8192B input,556083.1682242991,3251.0,171.04988256668688,188.04566666666665,19,555895.1225576324,3232.0,171.99725326659419,
PREVRANDAO,env,p1b,True,3000,"straight-line Δ(K − K/2 units, equal code length)",minus POP,364.0,4.0,91.0,27.446666666666665,2,336.55333333333334,2.0,168.27666666666667,
BN254PAIRING/k8,precompile,p2c,True,19,"straight-line Δ(K − K/2 units, equal code length)",8 pairs,48843521.526315786,317119.0,154.02269030337442,188.04566666666665,19,48843333.48064912,317100.0,154.03132601907637,
BN254PAIRING/k1,precompile,p2c,True,75,"straight-line Δ(K − K/2 units, equal code length)",1 pair (result 0),11873183.333333334,79119.0,150.06740900837136,188.04566666666665,19,11872995.287666667,79100.0,150.10107822587443,
BN254PAIRING/k4,precompile,p2c,True,33,"straight-line Δ(K − K/2 units, equal code length)",4 pairs,26755941.03030303,181119.0,147.72575505774122,188.04566666666665,19,26755752.984636366,181100.0,147.74021526579992,
BN254PAIRING/k2,precompile,p2c,True,53,"straight-line Δ(K − K/2 units, equal code length)","2 pairs, e(G1,G2)e(−G1,G2)=1",16398783.698113207,113119.0,144.96931283085254,188.04566666666665,19,16398595.65244654,113100.0,144.9920040004115,
SHA256/1024B,precompile,p2c,True,1498,"straight-line Δ(K − K/2 units, equal code length)",1024B input,78406.84112149532,563.0,139.2661476403114,188.04566666666665,19,78218.79545482865,544.0,143.78455046843501,
MULMOD,arith,p1b,True,2389,"straight-line Δ(K − K/2 units, equal code length)","a=b=2^256-1, N 255-bit",1239.6613645876937,19.0,65.24533497829967,115.19266666666667,11,1124.4686979210271,8.0,140.5585872401284,
PUSH0/deep200,stack,px2,True,100,"straight-line Δ(K − K/2 units, equal code length)","straight-line, stack grows to 200",272.41,2.0,136.205,0,0,272.41,2.0,136.205,
BN254MUL/full-scalar,precompile,p2c,True,960,"straight-line Δ(K − K/2 units, equal code length)",scalar n−1 (GLV override),789974.8572916667,6119.0,129.10195412512937,188.04566666666665,19,789786.811625,6100.0,129.47324780737705,
MOD/256by255,arith,p1b,True,2991,"straight-line Δ(K − K/2 units, equal code length)","dividend 256-bit, divisor 255-bit",659.9986626546306,13.0,50.76912789651004,83.23333333333335,8,576.7653293212973,5.0,115.35306586425945,
MODEXP/32-32-32,precompile,p2c,True,1391,"straight-line Δ(K − K/2 units, equal code length)","B,M 32B odd; E 255 bits set (gas 16*255)",479805.86484543496,4183.0,114.70376878925052,188.04566666666665,19,479617.8191787683,4164.0,115.18199307847462,
DIV/256by255,arith,p1b,True,2991,"straight-line Δ(K − K/2 units, equal code length)","dividend 256-bit, divisor 255-bit",655.8134403209629,13.0,50.44718771699714,83.23333333333335,8,572.5801069876295,5.0,114.5160213975259,
MULMOD/N128,arith,p1b,True,2391,"straight-line Δ(K − K/2 units, equal code length)",N 128-bit,1017.3074027603514,19.0,53.542494882123755,115.19266666666667,11,902.1147360936847,8.0,112.76434201171058,
SELFBALANCE,env,p1b,True,3000,"straight-line Δ(K − K/2 units, equal code length)",minus POP,544.9096666666667,7.0,77.8442380952381,27.446666666666665,2,517.463,5.0,103.4926,
MULMOD/N3,arith,p1b,True,2393,"straight-line Δ(K − K/2 units, equal code length)",N=3,936.9987463435019,19.0,49.31572349176326,115.19266666666667,11,821.8060796768352,8.0,102.7257599596044,
KECCAK256/8KB,arith,p1b,True,1000,"straight-line Δ(K − K/2 units, equal code length)",memory pre-expanded,155786.201,1574.0,98.97471473951715,83.23333333333335,8,155702.96766666666,1566.0,99.42718241805024,
KECCAK256/1KB,arith,p1b,True,2000,"straight-line Δ(K − K/2 units, equal code length)",top=0x0.. second=0x400..,20769.5475,230.0,90.3023804347826,83.23333333333335,8,20686.314166666667,222.0,93.18159534534534,
ADDMOD,arith,p1b,True,2389,"straight-line Δ(K − K/2 units, equal code length)","a=b=2^256-1, N 255-bit",857.0468815403934,19.0,45.10773060738913,115.19266666666667,11,741.8542148737267,8.0,92.73177685921584,
KECCAK256/136B,arith,p1b,True,2999,"straight-line Δ(K − K/2 units, equal code length)",exactly one permutation block,5438.958319439813,68.0,79.98468116823256,83.23333333333335,8,5355.724986106479,60.0,89.26208310177465,
BLAKE2F/r12,precompile,p2c,True,1499,"straight-line Δ(K − K/2 units, equal code length)",12 rounds (gas = rounds),9819.364242828553,131.0,74.95697895288971,188.04566666666665,19,9631.318576161886,112.0,85.99391585858827,
KECCAK256/32B,arith,p1b,True,2999,"straight-line Δ(K − K/2 units, equal code length)","offset 0, size 32",2898.88396132044,44.0,65.88372639364637,83.23333333333335,8,2815.6506279871064,36.0,78.21251744408629,
MOD/256by128,arith,p1b,True,2993,"straight-line Δ(K − K/2 units, equal code length)","dividend 256-bit, divisor 128-bit",466.98964249916475,13.0,35.92228019224344,83.23333333333335,8,383.7563091658314,5.0,76.75126183316628,
DIV/256by128,arith,p1b,True,2993,"straight-line Δ(K − K/2 units, equal code length)","dividend 256-bit, divisor 128-bit",462.75576344804546,13.0,35.596597188311186,83.23333333333335,8,379.5224301147121,5.0,75.90448602294242,
MOD/256by3,arith,p1b,True,2995,"straight-line Δ(K − K/2 units, equal code length)","dividend 256-bit, divisor 3",430.95025041736227,13.0,33.15001926287402,83.23333333333335,8,347.7169170840289,5.0,69.54338341680578,
DIV/256by3,arith,p1b,True,2995,"straight-line Δ(K − K/2 units, equal code length)","dividend 256-bit, divisor 3",427.1098497495826,13.0,32.85460382689097,83.23333333333335,8,343.8765164162493,5.0,68.77530328324985,
BLAKE2F/r1,precompile,p2c,True,1499,"straight-line Δ(K − K/2 units, equal code length)",1 rounds (gas = rounds),7036.737158105404,120.0,58.63947631754503,188.04566666666665,19,6848.691491438737,101.0,67.80882664790829,
BLAKE2F/r0,precompile,p2c,True,1499,"straight-line Δ(K − K/2 units, equal code length)",0 rounds (gas = rounds),6789.214142761841,119.0,57.0522196870743,188.04566666666665,19,6601.168476095174,100.0,66.01168476095174,
CALL/rev32,call,p2c,True,1331,"straight-line Δ(K − K/2 units, equal code length)",callee REVERT 32B,6840.809166040571,130.0,52.621608969542855,215.65733333333333,22,6625.151832707237,108.0,61.343998450992935,
SHA256/0B,precompile,p2c,True,1499,"straight-line Δ(K − K/2 units, equal code length)",0B input,9807.360907271513,179.0,54.789725738947006,188.04566666666665,19,9619.315240604847,160.0,60.12072025378029,
COINBASE,env,p1b,True,3000,"straight-line Δ(K − K/2 units, equal code length)",minus POP,146.83933333333334,4.0,36.709833333333336,27.446666666666665,2,119.39266666666668,2.0,59.69633333333334,
SDIV/256by128,arith,p1b,True,2993,"straight-line Δ(K − K/2 units, equal code length)","dividend 256-bit, divisor 128-bit",378.32776478449716,13.0,29.102135752653627,83.23333333333335,8,295.0944314511638,5.0,59.018886290232764,
ADDRESS,env,p1b,True,3000,"straight-line Δ(K − K/2 units, equal code length)",minus POP,144.89066666666668,4.0,36.22266666666667,27.446666666666665,2,117.44400000000002,2.0,58.72200000000001,
MODEXP/32-1024-32,precompile,p2c,True,23,"straight-line Δ(K − K/2 units, equal code length)","B,M 32B; E 1024B all ones (iter 16127)",15087459.695652174,258151.0,58.44432016785592,188.04566666666665,19,15087271.649985507,258132.0,58.44789351953848,
SDIV/256by255,arith,p1b,True,2991,"straight-line Δ(K − K/2 units, equal code length)","dividend 256-bit, divisor 255-bit",373.42460715479774,13.0,28.724969781138288,83.23333333333335,8,290.1912738214644,5.0,58.03825476429288,
SDIV/256by3,arith,p1b,True,2995,"straight-line Δ(K − K/2 units, equal code length)","dividend 256-bit, divisor 3",372.74891485809684,13.0,28.672993450622833,83.23333333333335,8,289.5155815247635,5.0,57.9031163049527,
CALL/ret32,call,p2c,True,1331,"straight-line Δ(K − K/2 units, equal code length)",callee RETURN 32B,6416.221637866266,130.0,49.35555106050974,215.65733333333333,22,6200.5643045329325,108.0,57.412632449379004,
SMOD/256by3,arith,p1b,True,2995,"straight-line Δ(K − K/2 units, equal code length)","dividend 256-bit, divisor 3",369.8437395659432,13.0,28.44951842814948,83.23333333333335,8,286.6104062326099,5.0,57.322081246521975,
CALLDATALOAD,env,p1b,True,3000,"straight-line Δ(K − K/2 units, equal code length)",,224.91466666666668,8.0,28.114333333333335,53.413333333333334,5,171.50133333333335,3.0,57.16711111111112,
SMOD/256by255,arith,p1b,True,2991,"straight-line Δ(K − K/2 units, equal code length)","dividend 256-bit, divisor 255-bit",365.9769307923771,13.0,28.152071599413624,83.23333333333335,8,282.74359745904377,5.0,56.548719491808754,
SMOD/256by128,arith,p1b,True,2993,"straight-line Δ(K − K/2 units, equal code length)","dividend 256-bit, divisor 128-bit",365.48379552288674,13.0,28.114138117145135,83.23333333333335,8,282.2504621895534,5.0,56.450092437910676,
SHA256/32B,precompile,p2c,True,1499,"straight-line Δ(K − K/2 units, equal code length)",32B input,9831.415610406939,191.0,51.473380159198626,188.04566666666665,19,9643.369943740272,172.0,56.06610432407135,
CALLCODE/stop,call,p2c,True,1331,"straight-line Δ(K − K/2 units, equal code length)",,5769.464312546957,122.0,47.290691086450465,215.65733333333333,22,5553.806979213624,100.0,55.53806979213624,
ORIGIN,env,p1b,True,3000,"straight-line Δ(K − K/2 units, equal code length)",minus POP,138.51933333333332,4.0,34.62983333333333,27.446666666666665,2,111.07266666666666,2.0,55.53633333333333,
CALL/stop,call,p2c,True,1331,"straight-line Δ(K − K/2 units, equal code length)",warm callee STOP,5736.080390683696,122.0,47.01705238265325,215.65733333333333,22,5520.423057350363,100.0,55.20423057350363,
CALL/big,call,p2c,True,1331,"straight-line Δ(K − K/2 units, equal code length)",warm callee 24KB code (STOP),5721.210368144252,122.0,46.89516695200207,215.65733333333333,22,5505.553034810919,100.0,55.05553034810919,
STATICCALL/stop,call,p2c,True,1498,"straight-line Δ(K − K/2 units, equal code length)",,5624.9946595460615,119.0,47.26886268526102,188.04566666666665,19,5436.948992879395,100.0,54.369489928793946,
TSTORE/distinct,state,p2c,True,1999,"straight-line Δ(K − K/2 units, equal code length)",,5464.650325162581,106.0,51.55330495436397,62.01638101589419,6,5402.633944146687,100.0,54.026339441466874,
CALLER,env,p1b,True,3000,"straight-line Δ(K − K/2 units, equal code length)",minus POP,134.90766666666667,4.0,33.72691666666667,27.446666666666665,2,107.46100000000001,2.0,53.730500000000006,
MSTORE,memory,p1b,True,3000,"straight-line Δ(K − K/2 units, equal code length)",,208.89833333333334,9.0,23.210925925925928,55.786666666666676,6,153.11166666666668,3.0,51.037222222222226,
DELEGATECALL/stop,call,p2c,True,1498,"straight-line Δ(K − K/2 units, equal code length)",,5066.1248331108145,119.0,42.57247758916651,188.04566666666665,19,4878.079166444148,100.0,48.78079166444147,
MODEXP/64-32-64,precompile,p2c,True,181,"straight-line Δ(K − K/2 units, equal code length)","B,M 64B; E 256 bits",1421725.1049723758,32759.0,43.39952699937042,188.04566666666665,19,1421537.059305709,32740.0,43.418969435116345,
PUSH32,stack,p1b,True,500,"straight-line Δ(K − K/2 units, equal code length)",,129.49,3.0,43.163333333333334,0,0,129.49,3.0,43.163333333333334,
MLOAD,memory,p1b,True,3000,"straight-line Δ(K − K/2 units, equal code length)",,182.79866666666666,8.0,22.849833333333333,53.413333333333334,5,129.38533333333334,3.0,43.12844444444445,
MLOAD/1MB,memory,p1b,True,3000,"straight-line Δ(K − K/2 units, equal code length)","offset 1 MiB, pre-expanded",182.74266666666668,8.0,22.842833333333335,53.413333333333334,5,129.32933333333335,3.0,43.109777777777786,
PUSH0,stack,p1b,True,500,"straight-line Δ(K − K/2 units, equal code length)","straight-line, 1000 deep",82.04,2.0,41.02,0,0,82.04,2.0,41.02,
PUSH20/deep1000,stack,px2,True,500,"straight-line Δ(K − K/2 units, equal code length)",,112.604,3.0,37.534666666666666,0,0,112.604,3.0,37.534666666666666,
IDENTITY/32B,precompile,p2c,True,1499,"straight-line Δ(K − K/2 units, equal code length)",32B input,4557.463642428285,137.0,33.26615797392909,188.04566666666665,19,4369.417975761618,118.0,37.0289658962849,
IDENTITY/0B,precompile,p2c,True,1499,"straight-line Δ(K − K/2 units, equal code length)",0B input,4400.790527018012,134.0,32.841720350880685,188.04566666666665,19,4212.744860351345,115.0,36.63256400305517,
RETURNDATACOPY/0B,memory,p1b,True,2999,"straight-line Δ(K − K/2 units, equal code length)",memory pre-expanded; src 0,192.10503501167057,12.0,16.008752917639214,82.83500000000001,9,109.27003501167056,3.0,36.423345003890184,
PUSH20/deep200,stack,px2,True,100,"straight-line Δ(K − K/2 units, equal code length)",,107.51,3.0,35.836666666666666,0,0,107.51,3.0,35.836666666666666,
PUSH20-POP,stack,px2,True,545,"straight-line Δ(K − K/2 units, equal code length)",,134.46238532110092,5.0,26.892477064220184,27.446666666666665,2,107.01571865443427,3.0,35.671906218144755,
MODEXP/256-32-256,precompile,p2c,True,11,"straight-line Δ(K − K/2 units, equal code length)","B,M 256B; E 256 bits",18459003.0,522359.0,35.33777153260497,188.04566666666665,19,18458814.954333335,522340.0,35.33869692984136,
MODEXP/8-32-8,precompile,p2c,True,1391,"straight-line Δ(K − K/2 units, equal code length)","B,M 8B; E 256 bits",145029.09705248024,4199.0,34.53896095557995,188.04566666666665,19,144841.05138581357,4180.0,34.650969231055875,
CREATE2/init48K,create,p2c,True,132,"straight-line Δ(K − K/2 units, equal code length)",initcode 49152B hashed (6/word),1504535.0681818181,44304.0,33.959350581929804,158.9860953651217,12,1504376.082086453,44292.0,33.964961665457714,
MODEXP/1024-32-1024,precompile,p2d,True,1,"straight-line Δ(K − K/2 units, equal code length)","B,M 1024B odd; E 256 bits set",281877760.0,8355959.0,33.73374139341756,188.04566666666665,19,281877571.9543333,8355940.0,33.733795593833044,
MODEXP/1024-32-1024even,precompile,p2d,True,1,"straight-line Δ(K − K/2 units, equal code length)",even modulus 1024B; E 256 bits,281840684.0,8355959.0,33.7293043204257,188.04566666666665,19,281840495.9543333,8355940.0,33.72935851075203,
PUSH32-POP,stack,px2,True,353,"straight-line Δ(K − K/2 units, equal code length)",,123.94900849858357,5.0,24.789801699716715,27.446666666666665,2,96.50234183191691,3.0,32.167447277305634,
MODEXP/32-e2-32,precompile,p2c,True,1499,"straight-line Δ(K − K/2 units, equal code length)",E=2 (1 squaring) → floor 500,19291.863242161442,619.0,31.166176481682456,188.04566666666665,19,19103.817575494777,600.0,31.83969595915796,
MODEXP/32-e1-32,precompile,p2c,True,1499,"straight-line Δ(K − K/2 units, equal code length)",E=1 → gas floor 500,19189.802535023347,619.0,31.001296502460985,188.04566666666665,19,19001.756868356682,600.0,31.66959478059447,
MSTORE8,memory,p1b,True,3000,"straight-line Δ(K − K/2 units, equal code length)",,148.04,9.0,16.448888888888888,55.786666666666676,6,92.25333333333332,3.0,30.751111111111104,
MCOPY/32B,memory,p1b,True,2998,"straight-line Δ(K − K/2 units, equal code length)",memory pre-expanded; src 0; dst 16K,264.44262841894596,15.0,17.629508561263066,82.83500000000001,9,181.60762841894595,6.0,30.267938069824325,
CALL/sstore1,call,p2c,True,1331,"straight-line Δ(K − K/2 units, equal code length)",callee SSTORE slot0=1 (dirty after first),6820.969947407964,241.9511645379414,28.191515260668805,215.65733333333333,22,6605.312614074631,219.9511645379414,30.030814467159686,
BLOCKHASH,env,p1b,True,3000,"straight-line Δ(K − K/2 units, equal code length)",parent (1 ancestor in witness),644.973,25.0,25.79892,53.413333333333334,5,591.5596666666667,20.0,29.577983333333332,
CALLDATACOPY/32B,memory,p1b,True,2999,"straight-line Δ(K − K/2 units, equal code length)",memory pre-expanded; src 0,259.96498832944314,15.0,17.330999221962877,82.83500000000001,9,177.12998832944314,6.0,29.521664721573856,
CODECOPY/32B,memory,p1b,True,2999,"straight-line Δ(K − K/2 units, equal code length)",memory pre-expanded; src 0,257.9286428809603,15.0,17.195242858730687,82.83500000000001,9,175.0936428809603,6.0,29.18227381349338,
EXTCODESIZE/cold-small-deep7,state,p3,True,400,"whole-block Δ(2n − n), pruned deep witness",cold contract with 64B code,73199.3275,2605.0,28.09954990403071,134.46238532110092,5,73064.8651146789,2600.0,28.101871197953425,2218.385
JUMPDEST,control,p1b,True,3000,"straight-line Δ(K − K/2 units, equal code length)",,25.015333333333334,1.0,25.015333333333334,0,0,25.015333333333334,1.0,25.015333333333334,
IDENTITY/1024B,precompile,p2c,True,1498,"straight-line Δ(K − K/2 units, equal code length)",1024B input,5304.010680907877,230.0,23.06091600394729,188.04566666666665,19,5115.96501424121,211.0,24.246279688346966,
BALANCE/cold-existing-deep7,state,p3,True,400,"whole-block Δ(2n − n), pruned deep witness","cold existing EOA, state trie depth 7",61789.8875,2605.0,23.719726487523992,134.46238532110092,5,61655.425114678896,2600.0,23.713625044107268,2218.385
SSTORE/cold-clear-deep6,state,p3,True,500,"whole-block Δ(2n − n), pruned deep witness","nonzero→zero (5000, refund 4800 → net gas after refund cap), deep: leaf delete",92501.846,4004.0,23.10235914085914,62.01638101589419,6,92439.8296189841,3998.0,23.12151816382794,4309.402
MSTORE-zero,memory,px2,True,3000,"straight-line Δ(K − K/2 units, equal code length)",value 0,206.99666666666667,9.0,22.99962962962963,0,0,206.99666666666667,9.0,22.99962962962963,
MSTORE-hi,memory,px2,True,3000,"straight-line Δ(K − K/2 units, equal code length)",,206.95933333333332,9.0,22.99548148148148,0,0,206.95933333333332,9.0,22.99548148148148,
SAR,arith,p1b,True,2995,"straight-line Δ(K − K/2 units, equal code length)",top=0xffffffffff.. second=0xc8..,152.0881469115192,11.0,13.826195173774472,83.23333333333335,8,68.85481357818585,3.0,22.951604526061953,
LT,arith,p1b,True,2991,"straight-line Δ(K − K/2 units, equal code length)",top=0xffffffffff.. second=0x7fffffffff..,149.1123370110331,11.0,13.555667001003009,83.23333333333335,8,65.87900367769976,3.0,21.959667892566586,
GT,arith,p1b,True,2991,"straight-line Δ(K − K/2 units, equal code length)",top=0xffffffffff.. second=0x7fffffffff..,149.07455700434636,11.0,13.55223245494058,83.23333333333335,8,65.84122367101301,3.0,21.94707455700434,
SHL,arith,p1b,True,2995,"straight-line Δ(K − K/2 units, equal code length)",top=0xffffffffff.. second=0xc8..,148.11085141903172,11.0,13.46462285627561,83.23333333333335,8,64.87751808569837,3.0,21.625839361899455,
SHL/ge256,arith,p1b,True,2995,"straight-line Δ(K − K/2 units, equal code length)",top=0xffffffffff.. second=0x12c..,148.0010016694491,11.0,13.454636515404461,83.23333333333335,8,64.76766833611575,3.0,21.58922277870525,
BALANCE/cold-empty-deep7,state,p3,True,400,"whole-block Δ(2n − n), pruned deep witness","cold nonexistent account, deep exclusion",55583.9525,2605.0,21.33740978886756,134.46238532110092,5,55449.4901146789,2600.0,21.326726967184193,2082.385
SLOAD/cold-existing-deep6,state,p3,True,500,"whole-block Δ(2n − n), pruned deep witness","cold existing slots, storage trie depth 6 (full 16-way branches), witness pruned to paths",44440.694,2105.0,21.11196864608076,61.143047682560855,5,44379.55095231744,2100.0,21.133119501103543,1574.89
SHR,arith,p1b,True,2995,"straight-line Δ(K − K/2 units, equal code length)",top=0xffffffffff.. second=0xc8..,145.98931552587646,11.0,13.27175595689786,83.23333333333335,8,62.755982192543115,3.0,20.918660730847705,
BLOBBASEFEE,env,p1b,True,3000,"straight-line Δ(K − K/2 units, equal code length)",minus POP,68.729,4.0,17.18225,27.446666666666665,2,41.282333333333334,2.0,20.641166666666667,
MUL/128x128,arith,p1b,True,2995,"straight-line Δ(K − K/2 units, equal code length)",top=0xdeadbeefca.. second=0xdeadbeefca..,186.07412353923206,13.0,14.313394118402465,83.23333333333335,8,102.84079020589871,5.0,20.568158041179743,
SDIV/minby-1,arith,p1b,True,2991,"straight-line Δ(K − K/2 units, equal code length)",MIN / -1 overflow path,181.77699765964562,13.0,13.982845973818893,83.23333333333335,8,98.54366432631227,5.0,19.708732865262455,
SLT,arith,p1b,True,2991,"straight-line Δ(K − K/2 units, equal code length)",top=0xffffffffff.. second=0x7fffffffff..,142.0364426613173,11.0,12.912403878301571,83.23333333333335,8,58.80310932798395,3.0,19.601036442661314,
SGT,arith,p1b,True,2991,"straight-line Δ(K − K/2 units, equal code length)",top=0xffffffffff.. second=0x7fffffffff..,141.93714476763625,11.0,12.90337679705784,83.23333333333335,8,58.70381143430291,3.0,19.567937144767637,
SLOAD/cold-empty-deep6,state,p3,True,500,"whole-block Δ(2n − n), pruned deep witness","cold nonexistent slots, deep exclusion paths",41075.934,2105.0,19.51350783847981,61.143047682560855,5,41014.79095231744,2100.0,19.530852834436875,1509.582
SUB,arith,p1b,True,2991,"straight-line Δ(K − K/2 units, equal code length)",top=0xffffffffff.. second=0x7fffffffff..,140.0337679705784,11.0,12.730342542779855,83.23333333333335,8,56.80043463724505,3.0,18.933478212415014,
MUL,arith,p1b,True,2991,"straight-line Δ(K − K/2 units, equal code length)",top=0xffffffffff.. second=0x7fffffffff..,177.7415580073554,13.0,13.672427539027339,83.23333333333335,8,94.50822467402205,5.0,18.90164493480441,
ADD,arith,p1b,True,2991,"straight-line Δ(K − K/2 units, equal code length)",top=0xffffffffff.. second=0x7fffffffff..,139.79772651287195,11.0,12.708884228442905,83.23333333333335,8,56.5643931795386,3.0,18.854797726512867,
MODEXP/1-1-1,precompile,p2c,True,1499,"straight-line Δ(K − K/2 units, equal code length)",2^3 mod 5 → floor 500,11416.368245496998,619.0,18.443244338444263,188.04566666666665,19,11228.322578830332,600.0,18.71387096471722,
BN254MUL/scalar2,precompile,p2c,True,960,"straight-line Δ(K − K/2 units, equal code length)",scalar 2,113386.12916666667,6119.0,18.530173094732255,188.04566666666665,19,113198.0835,6100.0,18.55706286885246,
SSTORE/cold-modify-deep6,state,p3,True,500,"whole-block Δ(2n − n), pruned deep witness","nonzero→nonzero (5000), deep: reveal + post-root rehash",92322.11,5006.0,18.4422912504994,62.01638101589419,6,92260.0936189841,5000.0,18.45201872379682,1574.89
GASPRICE,env,p1b,True,3000,"straight-line Δ(K − K/2 units, equal code length)",minus POP,62.535333333333334,4.0,15.633833333333333,27.446666666666665,2,35.08866666666667,2.0,17.544333333333334,
CLZ,arith,p1b,True,3000,"straight-line Δ(K − K/2 units, equal code length)",value 1 (255 leading zeros),141.098,10.0,14.1098,53.413333333333334,5,87.68466666666669,5.0,17.536933333333337,
BYTE,arith,p1b,True,2995,"straight-line Δ(K − K/2 units, equal code length)",index 31,135.79165275459098,11.0,12.344695704962817,83.23333333333335,8,52.558319421257636,3.0,17.519439807085877,
EXP/exp256,arith,p1b,True,2000,"straight-line Δ(K − K/2 units, equal code length)","base 2^256-1, exponent 256-bit (gas 10+50*32)",27627.785,1618.0,17.075268850432632,83.23333333333335,8,27544.551666666666,1610.0,17.10841718426501,
PUSH2/deep1000,stack,px2,True,500,"straight-line Δ(K − K/2 units, equal code length)",,51.002,3.0,17.000666666666667,0,0,51.002,3.0,17.000666666666667,
EXP/exp8,arith,p1b,True,2995,"straight-line Δ(K − K/2 units, equal code length)",exponent 1 byte (gas 60),1095.1135225375626,68.0,16.10461062555239,83.23333333333335,8,1011.8801892042293,60.0,16.86466982007049,
CREATE/init48K,create,p2c,True,165,"straight-line Δ(K − K/2 units, equal code length)","initcode 49152B, returns empty",574438.9212121213,35085.0,16.37277814485168,125.28971434922752,9,574313.6314977721,35076.0,16.373407215696545,
XOR,arith,p1b,True,2991,"straight-line Δ(K − K/2 units, equal code length)",top=0xffffffffff.. second=0x7fffffffff..,131.85088599130725,11.0,11.986444181027933,83.23333333333335,8,48.6175526579739,3.0,16.2058508859913,
PUSH0-POP,stack,px2,True,3000,"straight-line Δ(K − K/2 units, equal code length)",,59.52,4.0,14.88,27.446666666666665,2,32.07333333333334,2.0,16.03666666666667,
EQ,arith,p1b,True,2991,"straight-line Δ(K − K/2 units, equal code length)",top=0xffffffffff.. second=0x7fffffffff..,130.76730190571715,11.0,11.887936536883377,83.23333333333335,8,47.5339685723838,3.0,15.8446561907946,
OR,arith,p1b,True,2991,"straight-line Δ(K − K/2 units, equal code length)",top=0xffffffffff.. second=0x7fffffffff..,130.42861919090606,11.0,11.857147199173278,83.23333333333335,8,47.19528585757271,3.0,15.731761952524238,
CLZ/full,arith,p1b,True,3000,"straight-line Δ(K − K/2 units, equal code length)",,130.768,10.0,13.0768,53.413333333333334,5,77.35466666666667,5.0,15.470933333333335,
AND,arith,p1b,True,2991,"straight-line Δ(K − K/2 units, equal code length)",top=0xffffffffff.. second=0x7fffffffff..,128.36476094951522,11.0,11.6695237226832,83.23333333333335,8,45.13142761618187,3.0,15.043809205393956,
RETURNDATASIZE,env,p1b,True,3000,"straight-line Δ(K − K/2 units, equal code length)",minus POP,57.403,4.0,14.35075,27.446666666666665,2,29.956333333333333,2.0,14.978166666666667,
BASEFEE,env,p1b,True,3000,"straight-line Δ(K − K/2 units, equal code length)",minus POP,56.771,4.0,14.19275,27.446666666666665,2,29.324333333333335,2.0,14.662166666666668,
TSTORE,state,p1b,True,3000,"straight-line Δ(K − K/2 units, equal code length)",,1384.2996666666666,106.0,13.059430817610062,55.786666666666676,6,1328.513,100.0,13.285129999999999,
PUSH3-POP,stack,px2,True,2399,"straight-line Δ(K − K/2 units, equal code length)",,67.23676531888287,5.0,13.447353063776573,27.446666666666665,2,39.79009865221621,3.0,13.263366217405403,
PC,env,p1b,True,3000,"straight-line Δ(K − K/2 units, equal code length)",minus POP,53.96933333333333,4.0,13.492333333333333,27.446666666666665,2,26.522666666666666,2.0,13.261333333333333,
NUMBER,env,p1b,True,3000,"straight-line Δ(K − K/2 units, equal code length)",minus POP,53.961666666666666,4.0,13.490416666666667,27.446666666666665,2,26.515,2.0,13.2575,
CALLVALUE,env,p1b,True,3000,"straight-line Δ(K − K/2 units, equal code length)",minus POP,53.93266666666667,4.0,13.483166666666667,27.446666666666665,2,26.486000000000004,2.0,13.243000000000002,
TIMESTAMP,env,p1b,True,3000,"straight-line Δ(K − K/2 units, equal code length)",minus POP,53.90133333333333,4.0,13.475333333333333,27.446666666666665,2,26.454666666666668,2.0,13.227333333333334,
CHAINID,env,p1b,True,3000,"straight-line Δ(K − K/2 units, equal code length)",minus POP,53.77733333333333,4.0,13.444333333333333,27.446666666666665,2,26.330666666666666,2.0,13.165333333333333,
SWAP1,stack,p1b,True,3000,"straight-line Δ(K − K/2 units, equal code length)",,38.971666666666664,3.0,12.990555555555556,0,0,38.971666666666664,3.0,12.990555555555554,
CALLDATASIZE,env,p1b,True,3000,"straight-line Δ(K − K/2 units, equal code length)",minus POP,52.75566666666667,4.0,13.188916666666668,27.446666666666665,2,25.309000000000005,2.0,12.654500000000002,
MSIZE,env,p1b,True,3000,"straight-line Δ(K − K/2 units, equal code length)",minus POP,52.33133333333333,4.0,13.082833333333333,27.446666666666665,2,24.884666666666668,2.0,12.442333333333334,
PUSH0/deep1000,stack,px2,True,500,"straight-line Δ(K − K/2 units, equal code length)","straight-line, stack grows to 1000",24.672,2.0,12.336,0,0,24.672,2.0,12.336,
CODESIZE,env,p1b,True,3000,"straight-line Δ(K − K/2 units, equal code length)",minus POP,52.00066666666667,4.0,13.000166666666667,27.446666666666665,2,24.554000000000002,2.0,12.277000000000001,
PUSH1/deep1000,stack,px2,True,500,"straight-line Δ(K − K/2 units, equal code length)",,36.692,3.0,12.230666666666666,0,0,36.692,3.0,12.230666666666666,
POP,stack,p1b,True,3000,"straight-line Δ(K − K/2 units, equal code length)",minus PUSH0,56.025666666666666,4.0,14.006416666666667,32.07333333333334,2,23.95233333333333,2.0,11.976166666666664,
ISZERO,arith,p1b,True,3000,"straight-line Δ(K − K/2 units, equal code length)",,89.11133333333333,8.0,11.138916666666667,53.413333333333334,5,35.698,3.0,11.899333333333333,
IDENTITY/8192B,precompile,p2c,True,1498,"straight-line Δ(K − K/2 units, equal code length)",8192B input,10684.006675567423,902.0,11.844796757835281,188.04566666666665,19,10495.961008900756,883.0,11.886705559344005,
SWAP16,stack,p1b,True,3000,"straight-line Δ(K − K/2 units, equal code length)",,35.64266666666666,3.0,11.880888888888888,0,0,35.64266666666666,3.0,11.880888888888888,
NOT,arith,p1b,True,3000,"straight-line Δ(K − K/2 units, equal code length)",,88.946,8.0,11.11825,53.413333333333334,5,35.532666666666664,3.0,11.844222222222221,
GASLIMIT,env,p1b,True,3000,"straight-line Δ(K − K/2 units, equal code length)",minus POP,51.115,4.0,12.77875,27.446666666666665,2,23.668333333333337,2.0,11.834166666666668,
GAS,env,p1b,True,3000,"straight-line Δ(K − K/2 units, equal code length)",minus POP,50.35966666666667,4.0,12.589916666666667,27.446666666666665,2,22.913000000000004,2.0,11.456500000000002,
GAS-POP,env,px2,True,3000,"straight-line Δ(K − K/2 units, equal code length)",,49.98733333333333,4.0,12.496833333333333,27.446666666666665,2,22.540666666666667,2.0,11.270333333333333,
PUSH2-POP,stack,px2,True,2999,"straight-line Δ(K − K/2 units, equal code length)",,61.143047682560855,5.0,12.22860953651217,27.446666666666665,2,33.69638101589419,3.0,11.232127005298063,
RIPEMD160/8192B,precompile,p2c,True,189,"straight-line Δ(K − K/2 units, equal code length)",8192B input,351789.48677248677,31439.0,11.189588942793561,188.04566666666665,19,351601.4411058201,31420.0,11.190370499866967,
RIPEMD160/1024B,precompile,p2c,True,1283,"straight-line Δ(K − K/2 units, equal code length)",1024B input,50710.26188620421,4559.0,11.12311074494499,188.04566666666665,19,50522.21621953754,4540.0,11.128241458047917,
PUSH1,stack,p1b,True,500,"straight-line Δ(K − K/2 units, equal code length)",,32.84,3.0,10.946666666666667,0,0,32.84,3.0,10.946666666666667,
RIPEMD160/0B,precompile,p2c,True,1499,"straight-line Δ(K − K/2 units, equal code length)",0B input,7690.7758505670445,719.0,10.696489361011189,188.04566666666665,19,7502.730183900378,700.0,10.71818597700054,
TX/transfer-existing-deep7,tx,p3,True,200,"whole-block Δ(2n − n), pruned deep witness",21000-gas transfer to existing EOA,223628.925,21000.0,10.64899642857143,0,0,223628.925,21000.0,10.648996428571428,2341.44
SSTORE/warm-dirty,state,p1b,True,3000,"straight-line Δ(K − K/2 units, equal code length)","same slot rewritten (100 gas after first), pre-state slot 1 = 0",1095.8133333333333,106.0,10.337861635220126,55.786666666666676,6,1040.0266666666666,100.0,10.400266666666667,
TX/transfer-new-deep7,tx,p3,True,200,"whole-block Δ(2n − n), pruned deep witness",21000-gas ETH transfer to a new account: sig verify + sender/recipient paths + receipt + post-root,217107.7,21000.0,10.338461904761905,0,0,217107.7,21000.0,10.338461904761905,2205.44
EXTCODECOPY/32B,state,p1b,True,2397,"straight-line Δ(K − K/2 units, equal code length)","warm self, 32B",1170.0575719649562,115.0,10.174413669260488,110.44666666666667,12,1059.6109052982895,103.0,10.287484517459122,
PUSH2/deep200,stack,px2,True,100,"straight-line Δ(K − K/2 units, equal code length)",,29.98,3.0,9.993333333333334,0,0,29.98,3.0,9.993333333333334,
SIGNEXTEND,arith,p1b,True,2995,"straight-line Δ(K − K/2 units, equal code length)","top=value, second=byte index 0",132.48914858096828,13.0,10.19147296776679,83.23333333333335,8,49.25581524763493,5.0,9.851163049526985,
EXP/exp2^255,arith,p1b,True,2000,"straight-line Δ(K − K/2 units, equal code length)","exponent 2^255 (gas 1610, sparse bits)",15895.8505,1618.0,9.824382262051916,83.23333333333335,8,15812.617166666667,1610.0,9.821501345755694,
DUP3,stack,p1b,True,3000,"straight-line Δ(K − K/2 units, equal code length)",minus POP,56.69533333333333,5.0,11.339066666666668,27.446666666666665,2,29.248666666666665,3.0,9.749555555555554,
PUSH1/deep200,stack,px2,True,100,"straight-line Δ(K − K/2 units, equal code length)",,28.32,3.0,9.44,0,0,28.32,3.0,9.44,
PUSH1-POP,stack,px2,True,3000,"straight-line Δ(K − K/2 units, equal code length)",,55.766666666666666,5.0,11.153333333333334,27.446666666666665,2,28.32,3.0,9.44,
EXTCODEHASH,state,p1b,True,3000,"straight-line Δ(K − K/2 units, equal code length)",warm (self),994.738,105.0,9.473695238095239,53.413333333333334,5,941.3246666666668,100.0,9.413246666666668,
EXTCODESIZE/warm-big,state,p2c,True,3000,"straight-line Δ(K − K/2 units, equal code length)","warm, 24KB code",987.6526666666666,105.0,9.406215873015872,53.413333333333334,5,934.2393333333333,100.0,9.342393333333334,
DUP2,stack,p1b,True,3000,"straight-line Δ(K − K/2 units, equal code length)",minus POP,55.34,5.0,11.068,27.446666666666665,2,27.893333333333338,3.0,9.29777777777778,
DUP7,stack,p1b,True,3000,"straight-line Δ(K − K/2 units, equal code length)",minus POP,55.113,5.0,11.0226,27.446666666666665,2,27.666333333333334,3.0,9.222111111111111,
DUP4,stack,p1b,True,3000,"straight-line Δ(K − K/2 units, equal code length)",minus POP,55.112,5.0,11.0224,27.446666666666665,2,27.665333333333336,3.0,9.22177777777778,
RIPEMD160/32B,precompile,p2c,True,1499,"straight-line Δ(K − K/2 units, equal code length)",32B input,7734.88859239493,839.0,9.219175914654267,188.04566666666665,19,7546.842925728263,820.0,9.203466982595444,
DUP5-POP,stack,px2,True,3000,"straight-line Δ(K − K/2 units, equal code length)",,54.991,5.0,10.9982,27.446666666666665,2,27.544333333333334,3.0,9.181444444444445,
DUP16,stack,p1b,True,3000,"straight-line Δ(K − K/2 units, equal code length)",minus POP,54.922333333333334,5.0,10.984466666666666,27.446666666666665,2,27.47566666666667,3.0,9.158555555555557,
DUP6-POP,stack,px2,True,3000,"straight-line Δ(K − K/2 units, equal code length)",,54.879666666666665,5.0,10.975933333333334,27.446666666666665,2,27.433,3.0,9.144333333333334,
EXTCODESIZE,state,p1b,True,3000,"straight-line Δ(K − K/2 units, equal code length)","warm (self, code ~24KB)",961.887,105.0,9.16082857142857,53.413333333333334,5,908.4736666666666,100.0,9.084736666666666,
DUP1,stack,p1b,True,3000,"straight-line Δ(K − K/2 units, equal code length)",minus POP,53.413333333333334,5.0,10.682666666666666,27.446666666666665,2,25.96666666666667,3.0,8.655555555555557,
BALANCE,state,p1b,True,3000,"straight-line Δ(K − K/2 units, equal code length)",warm (self),914.2333333333333,105.0,8.706984126984127,53.413333333333334,5,860.82,100.0,8.6082,
MCOPY/1024B,memory,p1b,True,2998,"straight-line Δ(K − K/2 units, equal code length)",memory pre-expanded; src 0; dst 16K,886.4162775183455,108.0,8.207558125169866,82.83500000000001,9,803.5812775183455,99.0,8.116982601195408,
SLOAD,state,p1b,True,3000,"straight-line Δ(K − K/2 units, equal code length)","warm, slot 1 (nonexistent)",771.7013333333333,105.0,7.349536507936508,53.413333333333334,5,718.288,100.0,7.18288,
MCOPY/8192B,memory,p1b,True,1000,"straight-line Δ(K − K/2 units, equal code length)",memory pre-expanded; src 0; dst 16K,5371.503,780.0,6.886542307692308,82.83500000000001,9,5288.668,771.0,6.859491569390402,
JUMP,control,p1b,True,2399,"straight-line Δ(K − K/2 units, equal code length)",PUSH2 target JUMP JUMPDEST; target patched by assembler,107.97248853689037,12.0,8.997707378074198,58.71171434922752,4,49.26077418766285,8.0,6.157596773457856,
SLOAD/cold-existing,state,p2c,True,2706,"straight-line Δ(K − K/2 units, equal code length)",cold existing slot (2100); storage trie of 2000 slots,12277.039911308204,2105.0,5.832322998246178,61.143047682560855,5,12215.896863625643,2100.0,5.81709374458364,
CALL/cold-empty,state,p2c,True,414,"straight-line Δ(K − K/2 units, equal code length)","cold nonexistent target, no value (2600); tiny trie",14962.038647342995,2617.0,5.717248241246845,317.3697186544343,17,14644.668928688561,2600.0,5.632564972572523,
CALL/invalid,call,p2c,True,1089,"straight-line Δ(K − K/2 units, equal code length)","callee INVALID, 1000 gas stipend burned",6419.002754820936,1123.0,5.715941900998162,226.81304768256086,23,6192.1897071383755,1100.0,5.629263370125796,
JUMPI/not-taken,control,p1b,True,2399,"straight-line Δ(K − K/2 units, equal code length)",cond 0,121.95664860358482,15.0,8.13044324023899,65.76971434922753,5,56.1869342543573,10.0,5.61869342543573,
CODECOPY/1024B,memory,p1b,True,2999,"straight-line Δ(K − K/2 units, equal code length)",memory pre-expanded; src 0,629.702900966989,108.0,5.830582416361009,82.83500000000001,9,546.8679009669889,99.0,5.5239181915857465,
CALLDATACOPY/1024B,memory,p1b,True,2999,"straight-line Δ(K − K/2 units, equal code length)",memory pre-expanded; src 0,628.7559186395465,108.0,5.821814061477283,82.83500000000001,9,545.9209186395465,99.0,5.514352713530773,
JUMPI/taken,control,p1b,True,1714,"straight-line Δ(K − K/2 units, equal code length)",PUSH1 1 PUSH2 t JUMPI JUMPDEST,138.58401400233373,17.0,8.15200082366669,87.03171434922753,7,51.5522996531062,10.0,5.15522996531062,
TX/transfer-same-target,tx,p3,True,200,"whole-block Δ(2n − n), pruned deep witness","21000-gas transfers, all to one warm account: pure per-tx overhead (sig, nonce, receipt)",101944.115,21000.0,4.854481666666667,0,0,101944.115,21000.0,4.854481666666667,0.0
BLOCKHASH/out,env,p1b,True,3000,"straight-line Δ(K − K/2 units, equal code length)",out of range,144.94366666666667,25.0,5.797746666666667,53.413333333333334,5,91.53033333333335,20.0,4.5765166666666675,
SLOAD/cold-empty,state,p2c,True,2399,"straight-line Δ(K − K/2 units, equal code length)","cold, nonexistent slot (2100); empty storage trie",9591.529387244685,2105.0,4.556546027194625,61.143047682560855,5,9530.386339562125,2100.0,4.538279209315298,
BALANCE/cold,state,p2c,True,522,"straight-line Δ(K − K/2 units, equal code length)",cold nonexistent (2600); tiny trie,11722.38122605364,2605.0,4.499954405394871,134.46238532110092,5,11587.918840732538,2600.0,4.456891861820207,
RETURNDATACOPY/8192B,memory,p2c,True,2995,"straight-line Δ(K − K/2 units, equal code length)","returndata 8KB, memory pre-expanded",3460.0347245409016,780.0,4.435941954539618,82.83500000000001,9,3377.1997245409016,771.0,4.380284986434373,
TX/calldata-zero,tx,p3,True,128,"whole-block Δ(2n − n), pruned deep witness",per KB of zero calldata (EIP-7623 floor 10 gas/byte),44366.3359375,10240.0,4.332649993896484,0,0,44366.3359375,10240.0,4.332649993896484,0.0
EXTCODECOPY/cold-big,state,p2c,True,444,"straight-line Δ(K − K/2 units, equal code length)","first is cold, rest warm — 24KB copy each (3/word)",10534.686936936936,2414.0,4.363996245624249,204.85876633699513,10,10329.828170599942,2404.0,4.296933515224602,
SSTORE/cold-new-deep6,state,p3,True,250,"whole-block Δ(2n − n), pruned deep witness","zero→nonzero (22100), deep storage trie: reveal + post-root insert",94512.88,22106.0,4.275440151994934,62.01638101589419,6,94450.8636189841,22100.0,4.273794733890684,1657.632
CODECOPY/8192B,memory,p1b,True,1000,"straight-line Δ(K − K/2 units, equal code length)",memory pre-expanded; src 0,3376.473,780.0,4.328811538461538,82.83500000000001,9,3293.638,771.0,4.271904020752269,
CALLDATACOPY/8192B,memory,p1b,True,1000,"straight-line Δ(K − K/2 units, equal code length)",memory pre-expanded; src 0,3344.033,780.0,4.287221794871795,82.83500000000001,9,3261.198,771.0,4.229828793774319,
CALL/cold-new-value-deep7,state,p3,True,200,"whole-block Δ(2n − n), pruned deep witness",1 wei to new account (36600): exclusion reveal + post-root leaf insert,124372.11,34318.0,3.6241071740777433,313.61638532110095,18,124058.4936146789,34300.0,3.6168657030518627,2205.44
ECRECOVER,precompile,p2c,True,1499,"straight-line Δ(K − K/2 units, equal code length)",valid sig (3000),10498.63242161441,3119.0,3.3660251431915387,188.04566666666665,19,10310.586754947743,3100.0,3.3259957274024976,
EXTCODECOPY/8KB,state,p1b,True,1000,"straight-line Δ(K − K/2 units, equal code length)","warm self, 8KB",2958.343,880.0,3.361753409090909,110.44666666666667,12,2847.896333333333,868.0,3.2809865591397847,
KECCAK256/0B,arith,p1b,True,2999,"straight-line Δ(K − K/2 units, equal code length)",empty input (30 gas),168.00166722240746,38.0,4.421096505852828,83.23333333333335,8,84.76833388907411,30.0,2.8256111296358037,
LOG0/8KB-whole,log,p3,True,100,"whole-block Δ(2n − n), pruned deep witness",LOG0 with 8KB data: exec + receipt RLP/bloom/receipt-root (whole block),175574.22,65916.0,2.6636054979064263,65.76971434922753,5,175508.45028565076,65911.0,2.662809702259877,0.0
SELFDESTRUCT/cold-benef,state,p2c,True,226,"straight-line Δ(K − K/2 units, equal code length)",CALL(100) + SELFDESTRUCT 5000 + cold beneficiary 2600; zero balance,19875.818584070796,7731.0,2.570924664864933,605.8171039755354,26,19270.00148009526,7705.0,2.5009735859954914,
TLOAD,state,p1b,True,3000,"straight-line Δ(K − K/2 units, equal code length)",,283.98633333333333,105.0,2.704631746031746,53.413333333333334,5,230.573,100.0,2.30573,
TLOAD/distinct,state,p2c,True,2399,"straight-line Δ(K − K/2 units, equal code length)",,289.6202584410171,105.0,2.758288175628734,61.143047682560855,5,228.47721075845624,100.0,2.2847721075845624,
EXTCODEHASH/cold,state,p2c,True,522,"straight-line Δ(K − K/2 units, equal code length)",cold nonexistent; tiny trie,3223.2988505747126,2605.0,1.2373508063626537,134.46238532110092,5,3088.8364652536115,2600.0,1.1880140250975428,
EXTCODESIZE/cold,state,p2c,True,522,"straight-line Δ(K − K/2 units, equal code length)",cold nonexistent; tiny trie,3190.653256704981,2605.0,1.224818908523985,134.46238532110092,5,3056.1908713838798,2600.0,1.1754580274553383,
TX/calldata-nonzero,tx,p3,True,64,"whole-block Δ(2n − n), pruned deep witness",per KB of 0xff calldata (floor 40 gas/byte),43515.015625,40960.0,1.0623783111572265,0,0,43515.015625,40960.0,1.0623783111572265,0.0
CALL/value-existing,call,p2c,True,850,"straight-line Δ(K − K/2 units, equal code length)","warm, 1 wei to existing account (9000-2300)",6712.529411764706,6822.0,0.9839532998775588,215.65733333333333,22,6496.872078431373,6800.0,0.9554223644752019,
LOG4/0B,log,p1b,True,1500,"straight-line Δ(K − K/2 units, equal code length)","4 topics, 0 bytes data",1599.842,1893.0,0.845135763338616,165.67000000000002,18,1434.172,1875.0,0.7648917333333334,
LOG3/0B,log,p1b,True,2000,"straight-line Δ(K − K/2 units, equal code length)","3 topics, 0 bytes data",1268.528,1515.0,0.8373122112211221,138.05833333333334,15,1130.4696666666666,1500.0,0.7536464444444444,
LOG2/0B,log,p1b,True,2399,"straight-line Δ(K − K/2 units, equal code length)","2 topics, 0 bytes data",949.4793664026678,1137.0,0.8350742008818538,110.44666666666667,12,839.0326997360011,1125.0,0.7458068442097787,
CREATE2/empty,create,p2c,True,180,"straight-line Δ(K − K/2 units, equal code length)","initcode 1B, distinct salts",23004.73888888889,32020.0,0.7184490596155181,153.60971434922752,12,22851.129174539663,32008.0,0.713919306877645,
LOG1/0B,log,p1b,True,2999,"straight-line Δ(K − K/2 units, equal code length)","1 topics, 0 bytes data",602.974324774925,759.0,0.7944325754610342,82.83500000000001,9,520.139324774925,750.0,0.6935190996998999,
CREATE/empty,create,p2c,True,180,"straight-line Δ(K − K/2 units, equal code length)",initcode STOP (1B) → empty-code account; exec-only,15102.394444444444,32011.0,0.471787649384413,119.91333333333333,9,14982.48111111111,32002.0,0.46817327389260394,
CALL/cold-new-value,state,p2c,True,161,"straight-line Δ(K − K/2 units, equal code length)","cold new account + 1 wei (36600); exec-only, account creation lands in post_root",14369.366459627328,34318.0,0.4187122343850845,313.61638532110095,18,14055.750074306228,34300.0,0.4097886319039717,
LOG0/0B,log,p1b,True,3000,"straight-line Δ(K − K/2 units, equal code length)","0 topics, 0 bytes data",184.793,381.0,0.4850209973753281,55.223333333333336,6,129.56966666666668,375.0,0.34551911111111117,
SSTORE/cold-new,state,p2c,True,268,"straight-line Δ(K − K/2 units, equal code length)","cold zero→nonzero (22100); exec-only, trie insert lands in post_root",5719.992537313433,22106.0,0.2587529420661102,62.01638101589419,6,5657.976156297539,22100.0,0.2560170206469475,
LOG4/1024B,log,p1b,True,600,"straight-line Δ(K − K/2 units, equal code length)","4 topics, 1024 bytes data",2062.95,10085.0,0.20455627169062965,165.67000000000002,18,1897.2799999999997,10067.0,0.1884652826065362,
CREATE/deploy24K,create,p2c,True,1,"straight-line Δ(K − K/2 units, equal code length)",deploys 24576 zero bytes (200/byte deposit),763961.0,4950672.0,0.15431460617871676,125.28971434922752,9,763835.7102856508,4950663.0,0.15428957904944263,
LOG0/1024B,log,p1b,True,600,"straight-line Δ(K − K/2 units, equal code length)","0 topics, 1024 bytes data",688.105,8573.0,0.08026420156304677,55.223333333333336,6,632.8816666666667,8567.0,0.07387436286525816,
BLOCKHASH/256-ancestors,env,p3,True,128,"whole-block Δ(2n − n), pruned deep witness",Δ = 255 extra ancestor headers revealed (hashed) + distinct lookups; gas Δ 0 → see rows/header,44776.1953125,0.0,,0,0,44776.1953125,0.0,,0.0
